account_number,service_address,meter_number
9939400065,"2728 Coquina Flex Court Unit 07",M910035653
9928293232,"2728 Coquina Flex Court Unit 12",M933396478
9934178289,"2728 Coquina Flex Court Unit 26",M923822936
9993352864,"2728 Coquina Flex Court Unit 31",M916636956
9943156122,"2728 Coquina Flex Court Unit 46",M921101215
9989723414,"5292 Sandpiper Industrial Boulevard Unit 01",
9936244299,"5292 Sandpiper Industrial Boulevard Unit 05",M955741655
9936981109,"5292 Sandpiper Industrial Boulevard Unit 06",M942207933
9977134572,"5292 Sandpiper Industrial Boulevard Unit 14",M997122306
9992372536,"5292 Sandpiper Industrial Boulevard Unit 16",M992503395
9967461800,"5014 Tidewater Trade Way Unit 01",M997464123
9914977370,"5014 Tidewater Trade Way Unit 02",
9912118664,"5014 Tidewater Trade Way Unit 03",
9986161232,"5014 Tidewater Trade Way Unit 05",M977131891
9987008908,"5014 Tidewater Trade Way Unit 09",M992651089
9917256230,"5014 Tidewater Trade Way Unit 27",M981338313
9952413431,"5014 Tidewater Trade Way Unit 56",M935378143
9955014109,"5014 Tidewater Trade Way Unit 60",M971090442
9969667306,"8419 Marlstone Commerce Drive Unit 01",M986136280
9961917086,"8419 Marlstone Commerce Drive Unit 04",M932986027
9994830877,"8419 Marlstone Commerce Drive Unit 28",M926150649
9947382419,"8419 Marlstone Commerce Drive Unit 30",M942926431
9965747888,"8419 Marlstone Commerce Drive Unit 35",M980496069
9943190001,"8419 Marlstone Commerce Drive Unit 38",M940207110
9917618854,"6048 Palmgrove Industrial Boulevard Unit 11",M933392094
9985451722,"6048 Palmgrove Industrial Boulevard Unit 13",M934034347
9918402929,"6048 Palmgrove Industrial Boulevard Unit 16",M983519434
9965085666,"6048 Palmgrove Industrial Boulevard Unit 28",M948837752
9924997591,"2594 Seagrape Trade Way Unit 21",M924960925
9955839920,"2594 Seagrape Trade Way Unit 25",
9937870421,"2594 Seagrape Trade Way Unit 33",M956981261
9982962109,"2594 Seagrape Trade Way Unit 54",M973277318
9918496850,"8084 Osprey Trade Way Unit 05",M911825888
9952123331,"8084 Osprey Trade Way Unit 20",M953620132
9995561118,"9321 Kestrel Flex Court Unit 09",
9977813796,"9321 Kestrel Flex Court Unit 11",M980159008
9913843603,"9321 Kestrel Flex Court Unit 29",M936941354
9937978109,"9321 Kestrel Flex Court Unit 40",M952816006
9946783000,"4326 Heron Trade Way Unit 06",M989524284
9952847210,"4326 Heron Trade Way Unit 25",M954863290
9914253254,"4326 Heron Trade Way Unit 44",M955244690
9951309216,"4326 Heron Trade Way Unit 47",M981881149
9960510112,"374 Saltmarsh Logistics Lane Unit 03",
9933378451,"374 Saltmarsh Logistics Lane Unit 07",M974403644
9951197331,"2618 Harborline Industrial Boulevard Unit 17",M923484371
9933440558,"6673 Cypress Bend Business Parkway Unit 15",M966608385
9943266131,"6673 Cypress Bend Business Parkway Unit 23",M987263524
9942583957,"3701 Driftwood Industrial Boulevard Unit 20",M912879468
9996152971,"3701 Driftwood Industrial Boulevard Unit 21",M952853916
9972918243,"3701 Driftwood Industrial Boulevard Unit 28",M964898881
9946721488,"3701 Driftwood Industrial Boulevard Unit 29",M999730538
9976298907,"3701 Driftwood Industrial Boulevard Unit 30",M946410733
9968143411,"3701 Driftwood Industrial Boulevard Unit 44",M985313449
9978389253,"802 Lantern Flex Court Unit 24",M983510774
9966225073,"802 Lantern Flex Court Unit 33",M928543653
9983286497,"876 Mangrove Flex Court Unit 04",M968440088
9937973955,"876 Mangrove Flex Court Unit 08",
9985726663,"4764 Pelican Trade Way Unit 02",M959617838
9946909516,"4764 Pelican Trade Way Unit 03",M912829083
9945204406,"4764 Pelican Trade Way Unit 28",
9999578664,"4764 Pelican Trade Way Unit 37",M993918793
9947649346,"4764 Pelican Trade Way Unit 38",
9918583824,"2119 Ibis Commerce Drive Unit 20",M967088355
9984155093,"2119 Ibis Commerce Drive Unit 26",M957050796
9984589138,"2119 Ibis Commerce Drive Unit 30",M982906198
9950658742,"1099 Cormorant Industrial Boulevard Unit 11",M975202595
9989480347,"1099 Cormorant Industrial Boulevard Unit 13",M925586293
9932194489,"1099 Cormorant Industrial Boulevard Unit 20",M982976966
9911592361,"1099 Cormorant Industrial Boulevard Unit 22",
9951603281,"8797 Egret Flex Court Unit 21",M919734383
9996904247,"8797 Egret Flex Court Unit 26",M924759569
9928387646,"8797 Egret Flex Court Unit 50",M950559087
9915794704,"8777 Tarpon Industrial Boulevard Unit 03",
9983147179,"8777 Tarpon Industrial Boulevard Unit 36",M988039226
9967166103,"8777 Tarpon Industrial Boulevard Unit 37",
9971638923,"8777 Tarpon Industrial Boulevard Unit 38",M914486303
9945843062,"5817 Snook Trade Way Unit 01",M925320366
9917355348,"5817 Snook Trade Way Unit 03",M931275925
9920293771,"5817 Snook Trade Way Unit 09",M948416966
9919680305,"5817 Snook Trade Way Unit 17",M947777331
9960896077,"5817 Snook Trade Way Unit 20",
9933214893,"5411 Conch Industrial Boulevard Unit 08",M931950980
9945868675,"5411 Conch Industrial Boulevard Unit 13",M994023180
9929481846,"5411 Conch Industrial Boulevard Unit 42",M957329563
9981465454,"6299 Manatee Commerce Drive Unit 01",
9936248180,"6299 Manatee Commerce Drive Unit 03",M966041231
9973001390,"6299 Manatee Commerce Drive Unit 05",
9998980518,"6299 Manatee Commerce Drive Unit 10",M948043863
9965335315,"6299 Manatee Commerce Drive Unit 11",M936416914
9999309570,"6299 Manatee Commerce Drive Unit 13",M959154253
9966296479,"6299 Manatee Commerce Drive Unit 14",M972214365
9944050979,"6299 Manatee Commerce Drive Unit 22",
9912694013,"6299 Manatee Commerce Drive Unit 26",
9926912739,"6299 Manatee Commerce Drive Unit 29",M980119909
9998517975,"6299 Manatee Commerce Drive Unit 30",M911244912
9974277840,"6299 Manatee Commerce Drive Unit 36",M935793247
9984217039,"9306 Sailfish Trade Way Unit 06",M941594538
9947850688,"9306 Sailfish Trade Way Unit 09",
9963221368,"9306 Sailfish Trade Way Unit 21",M928656986
9996491166,"9306 Sailfish Trade Way Unit 28",
9933653225,"4941 Bonefish Trade Way Unit 01",M955934161
9917087118,"4941 Bonefish Trade Way Unit 02",M994208198
9975037969,"4941 Bonefish Trade Way Unit 04",M921910705
9963494334,"4941 Bonefish Trade Way Unit 05",M978224380
9992204124,"4941 Bonefish Trade Way Unit 18",M917499992
9965954233,"4941 Bonefish Trade Way Unit 19",
9993847645,"4941 Bonefish Trade Way Unit 23",M941689671
9977608703,"4941 Bonefish Trade Way Unit 27",M972254340
9985252549,"4941 Bonefish Trade Way Unit 30",M987947077
9995508593,"4941 Bonefish Trade Way Unit 33",M981497433
9968364321,"2728 Coquina Flex Court parking lot lights",M911720587
9981552565,"2728 Coquina Flex Court common area lighting",M998592638
9926319905,"5292 Sandpiper Industrial Boulevard parking lot lights",M987099622
9954264118,"5292 Sandpiper Industrial Boulevard common area lighting",M974198550
9964160176,"5014 Tidewater Trade Way parking lot lights",M915137302
9988013608,"8419 Marlstone Commerce Drive parking lot lights",M952445817
9941614885,"8419 Marlstone Commerce Drive common area lighting",M983236922
9911150968,"6048 Palmgrove Industrial Boulevard parking lot lights",M960411650
9963098181,"6048 Palmgrove Industrial Boulevard common area lighting",M983328154
9964421217,"2594 Seagrape Trade Way parking lot lights",M953001179
9919116022,"2594 Seagrape Trade Way common area lighting",M965736085
9960145426,"2594 Seagrape Trade Way fire pump",M920836580
9922597738,"8084 Osprey Trade Way parking lot lights",M972099319
9944641833,"9321 Kestrel Flex Court parking lot lights",M988920219
9973683748,"9321 Kestrel Flex Court common area lighting",M960882865
9944473306,"4326 Heron Trade Way parking lot lights",M926847335
9948549606,"4326 Heron Trade Way common area lighting",M964437411
9948166290,"4326 Heron Trade Way fire pump",M937208014
9938320473,"374 Saltmarsh Logistics Lane parking lot lights",M946720527
9972858454,"2618 Harborline Industrial Boulevard parking lot lights",M980427634
9983755043,"2618 Harborline Industrial Boulevard common area lighting",M977108620
9988434960,"6673 Cypress Bend Business Parkway parking lot lights",M962685147
9926849673,"3701 Driftwood Industrial Boulevard parking lot lights",M937217986
9996286489,"3701 Driftwood Industrial Boulevard common area lighting",M993442197
9943739703,"3701 Driftwood Industrial Boulevard fire pump",M911276716
9957513584,"802 Lantern Flex Court parking lot lights",M937214352
9995258637,"802 Lantern Flex Court common area lighting",M921605241
9974318392,"876 Mangrove Flex Court parking lot lights",M986501534
9911444779,"4764 Pelican Trade Way parking lot lights",M931363939
9910174758,"4764 Pelican Trade Way common area lighting",M938912434
9964896094,"2119 Ibis Commerce Drive parking lot lights",M947864938
9916914206,"2119 Ibis Commerce Drive common area lighting",M924465323
9970239099,"1099 Cormorant Industrial Boulevard parking lot lights",M953132789
9989748956,"8797 Egret Flex Court parking lot lights",M937260715
9953494159,"8797 Egret Flex Court common area lighting",M950017407
9943827191,"8777 Tarpon Industrial Boulevard parking lot lights",M915622129
9942746334,"8777 Tarpon Industrial Boulevard common area lighting",M989531400
9965593135,"5817 Snook Trade Way parking lot lights",M943066330
9926530244,"5411 Conch Industrial Boulevard parking lot lights",M940203944
9933418007,"5411 Conch Industrial Boulevard common area lighting",M989611798
9979137344,"6299 Manatee Commerce Drive parking lot lights",M949137703
9990867015,"6299 Manatee Commerce Drive common area lighting",M922430198
9980555111,"9306 Sailfish Trade Way parking lot lights",M939132402
9994805772,"9306 Sailfish Trade Way common area lighting",M910523760
9951787845,"4941 Bonefish Trade Way parking lot lights",M946030504
9951200246,"2728 Coquina Flex Court (suite)",M987873116
9995779424,"2728 Coquina Flex Court Unit 41",M930068539
9910891746,"2728 Coquina Flex Court (suite)",M927896708
9953470110,"5292 Sandpiper Industrial Boulevard Unit 09",M990554895
9969383476,"5292 Sandpiper Industrial Boulevard Unit 13",M918288765
9918197211,"5014 Tidewater Trade Way Unit 30",M926578187
9937465515,"5014 Tidewater Trade Way Unit 42",M979076929
9957820809,"5014 Tidewater Trade Way Unit 43",M927851068
9928763861,"5014 Tidewater Trade Way Unit 51",M993938293
9945858201,"8419 Marlstone Commerce Drive Unit 09",M936167434
9923111420,"8419 Marlstone Commerce Drive (suite)",M918900104
9964394892,"8419 Marlstone Commerce Drive Unit 12",M921900791
9951742854,"8419 Marlstone Commerce Drive Unit 20",M955778213
9926160846,"6048 Palmgrove Industrial Boulevard Unit 02",M950027670
9980174597,"2594 Seagrape Trade Way Unit 07",M968550402
9964564905,"2594 Seagrape Trade Way Unit 18",M942944445
9988102881,"2594 Seagrape Trade Way Unit 19",M935657917
9935175813,"2594 Seagrape Trade Way Unit 24",M991881055
9978158800,"2594 Seagrape Trade Way Unit 29",M985948434
9999704451,"2594 Seagrape Trade Way Unit 34",M995708752
9986412666,"2594 Seagrape Trade Way Unit 35",M971819506
9915842140,"2594 Seagrape Trade Way Unit 38",M973429515
9930084567,"2594 Seagrape Trade Way Unit 42",M970706685
9969074111,"2594 Seagrape Trade Way Unit 45",M911126391
9954857532,"8084 Osprey Trade Way Unit 04",M915159549
9985147908,"8084 Osprey Trade Way Unit 13",M973583342
9928377818,"9321 Kestrel Flex Court Unit 15",M910724500
9926766155,"9321 Kestrel Flex Court Unit 23",M977809910
9910085294,"9321 Kestrel Flex Court Unit 31",M966640122
9920841177,"9321 Kestrel Flex Court Unit 43",M951475063
9975742010,"4326 Heron Trade Way Unit 01",M972503707
9948363950,"4326 Heron Trade Way Unit 05",M969605804
9934312090,"4326 Heron Trade Way Unit 07",M971214519
9921883419,"4326 Heron Trade Way Unit 22",M976028210
9939246349,"4326 Heron Trade Way Unit 23",M952060343
9913201171,"4326 Heron Trade Way Unit 31",M978180309
9917480434,"4326 Heron Trade Way Unit 37",M912318821
9980327808,"374 Saltmarsh Logistics Lane Unit 09",M980200456
9910881894,"374 Saltmarsh Logistics Lane Unit 20",M990338229
9977615727,"374 Saltmarsh Logistics Lane Unit 21",M921491403
9945220123,"374 Saltmarsh Logistics Lane Unit 26",M986414544
9962528538,"374 Saltmarsh Logistics Lane Unit 29",M996269867
9914879539,"2618 Harborline Industrial Boulevard Unit 09",M959494270
9923958742,"2618 Harborline Industrial Boulevard Unit 23",M991298502
9983170883,"2618 Harborline Industrial Boulevard Unit 24",M919481832
9912912005,"2618 Harborline Industrial Boulevard Unit 25",M994679181
9974696889,"2618 Harborline Industrial Boulevard Unit 32",M941599663
9958591827,"6673 Cypress Bend Business Parkway Unit 06",M959465254
9967335878,"6673 Cypress Bend Business Parkway Unit 18",M938691574
9970852110,"6673 Cypress Bend Business Parkway Unit 20",M932016363
9981765982,"6673 Cypress Bend Business Parkway Unit 24",M986325428
9952934710,"3701 Driftwood Industrial Boulevard Unit 12",M954634646
9911063724,"3701 Driftwood Industrial Boulevard Unit 19",M949026139
9979521103,"3701 Driftwood Industrial Boulevard Unit 46",M944862975
9951958023,"3701 Driftwood Industrial Boulevard Unit 54",M962417299
9940255086,"802 Lantern Flex Court Unit 15",M927038822
9925785637,"802 Lantern Flex Court Unit 16",M972350306
9933461711,"802 Lantern Flex Court Unit 19",M955411949
9951003667,"802 Lantern Flex Court Unit 42",M975705882
9946436091,"876 Mangrove Flex Court Unit 10",M990299558
9988694029,"876 Mangrove Flex Court Unit 14",M993836237
9996488006,"4764 Pelican Trade Way Unit 04",M950356663
9965279539,"4764 Pelican Trade Way Unit 06",M980181196
9946572511,"4764 Pelican Trade Way Unit 11",M917982128
9941327341,"4764 Pelican Trade Way Unit 15",M923984657
9996231367,"4764 Pelican Trade Way Unit 32",M957344717
9989401876,"2119 Ibis Commerce Drive Unit 02",M920199540
9961576500,"2119 Ibis Commerce Drive Unit 28",M953691757
9988079502,"1099 Cormorant Industrial Boulevard Unit 21",M985909700
9938583516,"8797 Egret Flex Court Unit 07",M925648248
9978756869,"8797 Egret Flex Court Unit 18",M985995013
9981187885,"8797 Egret Flex Court Unit 35",M996442621
9911125076,"8797 Egret Flex Court Unit 42",M957628169
9992319240,"8797 Egret Flex Court Unit 49",M927146328
9931721959,"8777 Tarpon Industrial Boulevard Unit 09",M915129917
9927526308,"8777 Tarpon Industrial Boulevard Unit 18",M994247912
9938450386,"8777 Tarpon Industrial Boulevard Unit 29",M928382126
9926850145,"5817 Snook Trade Way Unit 02",M916082318
9972192405,"5817 Snook Trade Way Unit 04",M937711477
9928729955,"5817 Snook Trade Way Unit 11",M978741183
9974949509,"5817 Snook Trade Way Unit 12",M923289224
9999647648,"5817 Snook Trade Way Unit 15",M920204307
9917891063,"5817 Snook Trade Way Unit 16",M948700619
9975911703,"5817 Snook Trade Way Unit 18",M990999499
9912504952,"5817 Snook Trade Way Unit 21",M930301155
9981636276,"5411 Conch Industrial Boulevard Unit 03",M930605081
9945825053,"5411 Conch Industrial Boulevard Unit 12",M936900033
9995169494,"5411 Conch Industrial Boulevard Unit 25",M982619876
9966830397,"5411 Conch Industrial Boulevard Unit 34",M988436327
9937613288,"5411 Conch Industrial Boulevard Unit 39",M995671107
9957542895,"5411 Conch Industrial Boulevard Unit 40",M922835970
9923743601,"5411 Conch Industrial Boulevard Unit 52",M972483697
9943814927,"5411 Conch Industrial Boulevard Unit 60",M954964374
9995575214,"6299 Manatee Commerce Drive Unit 08",M927914786
9926299577,"6299 Manatee Commerce Drive Unit 12",M973813976
9979334838,"6299 Manatee Commerce Drive Unit 17",M912534738
9959135400,"6299 Manatee Commerce Drive Unit 19",M943994216
9987352749,"6299 Manatee Commerce Drive Unit 34",M956860392
9968783416,"9306 Sailfish Trade Way Unit 05",M937070820
9945683776,"9306 Sailfish Trade Way Unit 07",M962467097
9969970665,"9306 Sailfish Trade Way Unit 19",M962885788
9978421185,"9306 Sailfish Trade Way Unit 20",M976211497
9980638707,"9306 Sailfish Trade Way Unit 32",M973722965
9926025216,"9306 Sailfish Trade Way Unit 33",M959513939
9982491267,"4941 Bonefish Trade Way Unit 11",M988032655
9913555073,"4941 Bonefish Trade Way Unit 12",M927722422
9975644983,"4941 Bonefish Trade Way Unit 16",M975557359
9969784533,"4941 Bonefish Trade Way Unit 22",M976305086
9961499610,"4941 Bonefish Trade Way Unit 31",M947345127
9977707854,"4941 Bonefish Trade Way Unit 32",M979511994
9957019605,"5292 Sandpiper Industrial Boulevard fire pump",M960391629
