meter_id,meter_number,who_pays_found
M9100759,M937646647,
M9100724,M925823375,
M9100707,M986253432,
M9100426,M988718604,
M9100269,M968972900,
M9101032,M979313722,
M9100498,M984562702,
M9101026,M990459757,
M9100048,M957432091,
M9100919,M927530959,
M9100286,M943724863,
M9101022,M992395887,
M9100396,M998857439,
M9100641,M936580228,
M9100868,M914223101,
M9100275,M948533953,
M9100927,M915009948,
M9100822,M960456082,
M9100174,M925332367,
M9101111,M966538513,
M9100728,M945673383,
M9100465,M968304080,
M9100860,M945412193,
M9100356,M957293622,
M9100935,M942911700,
M9100917,M942370841,
M9100175,M991484522,
M9100553,M949941451,
M9100185,M971038912,
M9100795,M947637121,
M9100829,M992294441,
M9101100,M972553760,
M9101118,M982314162,
M9100280,M974781242,
M9100517,M992868631,
M9100144,M926595285,
M9100818,M927894656,
M9100749,M947429110,
M9100556,M965317388,
M9100559,M934407188,
M9100411,M981893795,
M9100894,M983058717,
M9100454,M975279184,
M9100231,M984424885,
M9101105,M970280548,
M9101016,M925058598,
M9100848,M912596131,
M9100390,M957273298,
M9100372,M931867504,
M9101030,M936182347,
M9100806,M936889351,
M9100681,M931115147,
M9100575,M938129163,
M9100683,M931057488,
M9100711,M959962712,
M9100642,M994385411,
M9101027,M941967475,
M9101121,M928692818,
M9100885,M917095577,
M9101103,M948323396,
M9100471,M957672310,
M9100933,M925087074,
M9100524,M915816643,
M9100929,M931186568,
M9100289,M948035004,
M9101099,M962941941,
M9101049,M997074102,
M9100071,M956282561,
M9100420,M986732658,
M9100412,M975824368,
M9100574,M915284584,
M9100515,M911642600,
M9100931,M957077201,
M9100141,M944004229,
M9101009,M966286680,
M9101072,M939693977,
M9101110,M934702571,
M9100987,M942041361,
M9100961,M958294076,
M9101063,M931939439,
M9101106,M940671282,
M9100013,M980241986,
M9100257,M978773517,
M9100102,M981884573,
M9100324,M946073575,
M9100323,M993923739,
M9100516,M985760417,
M9100700,M942962030,
M9100739,M940795767,
M9101053,M973824226,
M9100274,M924169889,
M9100702,M925570237,
M9100979,M951506872,
M9100722,M925307186,
M9100110,M910465689,
M9100926,M970464229,
M9100232,M940923734,
M9100501,M913707827,
M9100674,M966236654,
M9100408,M998983438,
M9100041,M958444934,
M9100228,M919657352,
M9100999,M930207703,
M9100663,M948285829,
M9100296,M990702102,
M9101035,M971533768,
M9100001,M922451384,
M9100620,M935329281,
M9100212,M987173993,
M9100218,M977232795,
M9100394,M952200631,
M9100061,M980627294,
M9100957,M998211605,
M9100085,M953174761,
M9100944,M974368652,
M9100930,M977367565,
M9100285,M924464277,
M9100364,M982882133,
M9100177,M942637676,
M9100293,M962872933,
M9100936,M918001753,
M9100040,M946379054,
M9100362,M993660517,
M9101108,M992281828,
M9100270,M947905572,
M9100541,M924367609,
M9100466,M997085706,
M9100315,M922632981,
M9101114,M968592211,
M9100997,M974820390,
M9100813,M944164578,
M9100150,M998048006,
M9100555,M961285394,
M9101006,M998141775,
M9100572,M946599830,
M9100350,M949593586,
M9101101,M920365572,
M9100801,M974868535,
M9100582,M990933900,
M9100474,M945173686,
M9100258,M961383030,
M9100951,M920705427,
M9100853,M959740791,
M9100643,M916905990,
M9100384,M995543163,
M9101076,M981479567,
M9100519,M998067980,
M9101012,M916963372,
M9100142,M947045958,
M9100902,M928850688,
M9100448,M954391190,
M9101023,M979379282,
M9100020,,tenant
M9100167,,tenant
M9100168,,tenant
M9100211,,tenant
M9100213,,tenant
M9100252,,tenant
M9100253,,tenant
M9100312,,tenant
M9100313,,tenant
M9100342,,tenant
M9100343,,tenant
M9100391,,tenant
M9100392,,tenant
M9100446,,tenant
M9100447,,tenant
M9100493,,tenant
M9100494,,tenant
M9100536,,tenant
M9100537,,tenant
M9100564,,tenant
M9100565,,tenant
M9100628,,tenant
M9100629,,tenant
M9100675,,tenant
M9100676,,tenant
M9100697,,tenant
M9100701,,tenant
M9100748,,tenant
M9100750,,tenant
M9100786,,tenant
M9100787,,tenant
M9100812,,tenant
M9100814,,tenant
